Player,Top4Prob,FinalProb,WinProb,Top4Prob_SD,FinalProb_SD,WinProb_SD
Oneil Cruz,0.7355,0.4564,0.2736,0.12922364334749276,0.1413118537136924,0.13144215457759356
Cal Raleigh,0.6231,0.3487,0.1875,0.1293807945562246,0.13333907904286724,0.10688662217508794
Junior Caminero,0.5511,0.2913,0.1521,0.1799605234488942,0.17264214433330002,0.13696930313029998
James Wood,0.6139,0.3127,0.1503,0.15471842165689256,0.14634790739877354,0.10376372198413084
Brent Rooker,0.4401,0.2005,0.093,0.1316396216949897,0.10443538672308346,0.06772739475278819
Matt Olson,0.4472,0.1884,0.0795,0.15223718336858444,0.11848814286670206,0.07040419021620802
Byron Buxton,0.3785,0.1365,0.0416,0.14372456296680816,0.09504078072069905,0.04807743753570899
Jazz Chisholm Jr.,0.2106,0.0655,0.0224,0.107525066844899,0.05970552738231193,0.02832384154736077
